<?xml version="1.0" encoding="UTF-8"?>
<project-private xmlns="http://www.netbeans.org/ns/project-private/1">
    <editor-bookmarks xmlns="http://www.netbeans.org/ns/editor-bookmarks/2" lastBookmarkId="0"/>
    <open-files xmlns="http://www.netbeans.org/ns/projectui-open-files/2">
        <group>
            <file>file:/C:/Users/donna/Documents/NetBeansProjects/Sleutelfun/src/sleutelfun/Speelveld.java</file>
            <file>file:/C:/Users/donna/Documents/NetBeansProjects/Sleutelfun/src/sleutelfun/Tile.java</file>
            <file>file:/C:/Users/donna/Documents/NetBeansProjects/Sleutelfun/src/sleutelfun/Wall.java</file>
            <file>file:/C:/Users/donna/Documents/NetBeansProjects/Sleutelfun/src/sleutelfun/Speler.java</file>
            <file>file:/C:/Users/donna/Documents/NetBeansProjects/Sleutelfun/src/sleutelfun/Sleutelfun.java</file>
            <file>file:/C:/Users/donna/Documents/NetBeansProjects/Sleutelfun/src/sleutelfun/Barricade.java</file>
            <file>file:/C:/Users/donna/Documents/NetBeansProjects/Sleutelfun/src/sleutelfun/Key.java</file>
            <file>file:/C:/Users/donna/Documents/NetBeansProjects/Sleutelfun/src/sleutelfun/Path.java</file>
            <file>file:/C:/Users/donna/Documents/NetBeansProjects/Sleutelfun/src/sleutelfun/Eindveld.java</file>
            <file>file:/C:/Users/donna/Documents/NetBeansProjects/Sleutelfun/src/sleutelfun/Interface.java</file>
        </group>
    </open-files>
</project-private>
